,證券代號,證券名稱,成交股數,成交筆數,成交金額,開盤價,最高價,最低價,收盤價,漲跌(+/-),漲跌價差,最後揭示買價,最後揭示買量,最後揭示賣價,最後揭示賣量,本益比,Unnamed: 16
3,1104,環泥,"202,209",146,"4,612,469",22.80,22.90,22.75,22.85,,0.0,22.80,26,22.85,18,9.89,
5,1109,信大,"63,112",43,"869,184",13.80,13.85,13.70,13.80,-,0.1,13.75,7,13.85,1,14.38,
6,1110,東泥,"485,000",32,"6,790,400",14.00,14.05,14.00,14.00,-,0.05,14.00,31,14.05,9,0.00,
7,1201,味全,"1,319,243",612,"30,894,701",23.40,23.65,23.10,23.50,-,0.1,23.45,16,23.50,7,0.00,
8,1203,味王,"58,961",49,"1,566,608",26.20,26.85,26.20,26.75,+,0.35,26.70,3,26.80,1,13.31,
9,1210,大成,"644,641",436,"21,881,063",33.90,34.15,33.80,34.00,-,0.2,34.00,13,34.05,3,11.64,
11,1215,卜蜂,"721,641",488,"47,524,963",65.40,66.20,65.10,66.10,+,0.5,66.00,112,66.10,17,12.13,
19,1229,聯華,"3,603,468","2,372","134,529,094",37.00,38.10,36.85,37.75,+,0.35,37.75,42,37.85,1,12.88,
20,1231,聯華食,"136,220",103,"4,661,251",34.40,34.40,34.05,34.30,-,0.15,34.30,9,34.35,1,12.80,
24,1235,興泰,"64,102",48,"2,171,982",34.70,34.70,33.70,34.10,-,0.6,34.10,1,34.70,11,7.71,
27,1262,綠悅-KY,"1,802,765","1,221","111,493,338",59.80,63.40,59.40,62.80,+,3.0,62.70,1,62.80,56,7.93,
28,1301,台塑,"9,843,041","3,194","1,014,482,303",101.50,104.50,100.50,103.50,+,0.5,103.50,136,104.00,233,13.56,
29,1303,南亞,"9,607,516","2,471","771,053,195",80.30,81.30,79.80,80.10,-,0.9,80.10,"1,333",80.50,1,10.05,
31,1305,華夏,"3,214,550","1,557","106,896,696",33.05,34.25,32.55,33.65,,0.0,33.60,6,33.65,19,11.18,
32,1307,三芳,"116,500",63,"3,895,499",33.60,33.60,33.40,33.50,-,0.1,33.50,2,33.80,3,12.14,
33,1308,亞聚,"322,429",157,"5,995,424",18.60,18.65,18.50,18.60,-,0.1,18.55,182,18.60,6,13.88,
34,1309,台達化,"3,710,253","1,239","50,212,696",13.55,13.85,13.25,13.85,,0.0,13.80,50,13.85,105,12.59,
35,1310,台苯,"1,926,046",877,"40,883,272",21.20,21.40,21.05,21.35,,0.0,21.30,127,21.35,37,8.75,
36,1312,國喬,"11,176,072","4,839","320,528,560",28.85,28.95,28.45,28.75,-,0.6,28.75,107,28.80,14,8.46,
37,1312A,國喬特,"3,000",2,"99,900",33.30,33.30,33.30,33.30,-,0.1,33.00,10,33.40,4,0.00,
38,1313,聯成,"3,337,600","1,184","61,045,429",18.40,18.40,18.15,18.40,-,0.1,18.35,103,18.40,12,9.20,
39,1314,中石化,"47,393,791","8,956","707,495,820",14.90,15.25,14.70,15.25,+,0.15,15.25,304,15.30,"1,525",8.57,
41,1316,上曜,"343,676",152,"8,034,417",23.60,23.60,23.30,23.40,-,0.25,23.40,19,23.45,13,0.00,
42,1319,東陽,"2,283,005","1,496","121,644,461",52.80,53.90,52.70,53.70,+,1.0,53.70,21,53.80,5,13.13,
43,1321,大洋,"126,000",47,"3,680,450",29.15,29.35,29.10,29.25,,0.0,29.20,18,29.30,1,0.00,
44,1323,永裕,"185,352",141,"6,671,012",36.05,36.45,35.65,36.40,+,0.25,36.30,3,36.40,4,13.33,
45,1324,地球,"52,013",17,"651,659",12.60,12.60,12.50,12.50,,0.0,12.50,16,12.60,15,12.50,
47,1326,台化,"7,132,200","2,793","774,339,800",108.50,110.00,107.00,109.00,-,0.5,109.00,103,109.50,70,13.51,
49,1338,廣華-KY,"204,124",162,"22,882,388",111.50,113.00,111.50,112.00,,0.0,112.00,5,112.50,11,12.36,
50,1339,昭輝,"62,001",41,"2,631,242",42.85,42.85,42.30,42.50,+,0.05,42.45,1,42.50,4,8.27,
51,1340,勝悅-KY,"336,310",231,"15,471,910",46.00,46.20,45.90,46.00,-,0.1,46.00,31,46.10,1,7.23,
58,1417,嘉裕,"142,354",74,"681,722",4.82,4.84,4.76,4.81,-,0.04,4.81,1,4.82,2,0.00,
59,1418,東華,"1,299",19,"11,135",--,--,--,--,,0.0,8.62,2,9.06,2,0.00,
62,1432,大魯閣,"65,705",30,"862,306",13.45,13.45,13.00,13.30,+,0.05,13.15,4,13.30,3,0.00,
63,1434,福懋,"1,061,554",778,"34,331,766",32.15,32.60,32.00,32.45,-,0.05,32.45,1,32.55,32,12.93,
66,1437,勤益控,"87,362",41,"1,554,725",17.85,17.90,17.75,17.80,-,0.05,17.80,5,17.85,6,11.79,
67,1438,裕豐,"20,333",3,"104,684",5.15,5.15,5.15,5.15,+,0.07,5.15,8,5.19,1,0.00,
70,1441,大東,"173,282",62,"1,357,343",7.92,7.92,7.72,7.72,-,0.2,7.74,3,7.82,2,0.00,
71,1442,名軒,"108,080",57,"2,010,743",18.60,18.70,18.55,18.65,-,0.05,18.65,2,18.70,9,11.88,
72,1443,立益,"9,387",10,"51,877",5.47,5.58,5.47,5.58,-,0.01,5.56,2,5.64,1,0.00,
75,1446,宏和,"47,515",26,"1,000,915",21.00,21.25,20.95,21.25,+,0.15,21.20,4,21.25,8,0.00,
76,1447,力鵬,"1,490,357",396,"12,924,309",8.75,8.75,8.64,8.66,-,0.11,8.66,48,8.67,1,0.00,
77,1449,佳和,"11,005",11,"58,625",5.38,5.38,5.27,5.27,-,0.03,5.27,4,5.30,7,0.00,
79,1452,宏益,"621,684",261,"13,565,286",21.85,21.95,21.70,21.80,-,0.15,21.80,75,21.90,8,12.75,
80,1453,大將,"20,423",11,"200,521",9.68,9.88,9.68,9.79,-,0.06,9.78,2,9.80,2,0.00,
85,1459,聯發,"880,300",369,"8,081,228",9.32,9.32,9.09,9.14,-,0.27,9.14,10,9.15,29,0.00,
87,1463,強盛,"374,000",212,"8,644,650",23.00,23.25,23.00,23.15,-,0.1,23.10,65,23.20,5,3.44,
90,1466,聚隆,"86,004",22,"1,026,348",11.85,11.95,11.85,11.90,-,0.05,11.90,6,11.95,10,0.00,
91,1467,南緯,"669,000",234,"8,616,450",12.90,13.00,12.80,12.90,,0.0,12.85,81,12.90,2,0.00,
92,1468,昶和,"19,000",8,"190,850",10.05,10.10,10.00,10.05,-,0.05,9.81,1,9.99,7,0.00,
93,1469,理隆,0,0,0,--,--,--,--,,0.0,14.05,2,14.30,2,0.00,
95,1471,首利,"575,010",347,"4,426,844",7.76,7.85,7.65,7.66,-,0.13,7.66,23,7.67,3,0.00,
96,1472,三洋紡,"81,847",75,"2,964,939",36.00,37.30,36.00,36.65,+,0.15,36.50,1,36.75,2,0.00,
98,1474,弘裕,"209,000",55,"2,379,950",11.55,11.55,11.25,11.45,-,0.15,11.40,27,11.45,13,13.31,
99,1475,本盟,"15,104",21,"683,430",45.25,45.30,45.20,45.25,-,0.05,45.20,11,45.35,1,0.00,
106,1512,瑞利,"147,010",45,"1,629,904",11.10,11.25,11.00,11.05,-,0.05,11.05,13,11.10,3,0.00,
111,1517,利奇,"598,095",182,"6,853,190",11.55,11.60,11.35,11.50,-,0.1,11.45,1,11.50,4,0.00,
113,1521,大億,"60,001",49,"4,684,278",78.10,78.20,78.00,78.20,-,0.2,78.10,8,78.30,4,11.25,
114,1522,堤維西,"600,403",411,"19,314,333",32.10,32.35,31.90,32.15,+,0.05,32.15,3,32.20,3,11.56,
115,1524,耿鼎,"315,490",122,"3,637,434",11.60,11.60,11.45,11.55,-,0.05,11.55,22,11.60,28,10.90,
116,1525,江申,"41,500",30,"3,719,849",88.70,90.10,88.60,89.80,+,0.2,89.50,1,90.10,1,11.85,
120,1529,樂士,"205,301",25,"832,612",4.05,4.10,4.00,4.10,+,0.08,4.10,7,4.15,3,0.00,
127,1537,廣隆,"326,132",265,"46,329,640",142.50,143.00,141.50,142.50,-,0.5,142.50,3,143.00,21,12.48,
128,1538,正峰新,"65,768",146,"364,154",5.61,5.61,5.51,5.58,-,0.03,5.52,1,5.58,7,0.00,
129,1539,巨庭,"210,009",121,"3,805,514",18.40,18.40,18.00,18.10,-,0.35,18.10,17,18.20,2,9.00,
132,1558,伸興,"39,598",43,"5,097,142",129.00,129.50,128.00,128.50,-,0.5,128.00,39,129.00,29,12.09,
135,1582,信錦,"773,044",493,"48,740,293",63.40,63.40,62.60,63.40,,0.0,63.00,2,63.40,13,10.67,
139,1592,英瑞-KY,"83,000",54,"2,719,200",33.00,33.00,32.60,32.75,-,0.25,32.75,1,33.00,15,11.10,
142,1604,聲寶,"617,692",293,"8,204,798",13.30,13.40,13.15,13.35,+,0.05,13.35,33,13.40,38,14.05,
143,1605,華新,"7,492,364","2,274","124,644,989",16.60,16.75,16.45,16.75,+,0.05,16.70,23,16.75,321,8.96,
144,1608,華榮,"1,758,258",450,"19,920,325",11.30,11.45,11.25,11.40,,0.0,11.35,76,11.40,65,13.90,
146,1611,中電,"1,282,008",401,"13,225,130",10.05,10.45,10.05,10.40,+,0.35,10.40,75,10.45,155,0.00,
149,1615,大山,"123,000",76,"1,869,950",15.25,15.35,15.10,15.25,-,0.1,15.25,14,15.35,6,11.55,
150,1616,億泰,"75,000",27,"420,220",5.63,5.63,5.58,5.59,-,0.04,5.59,3,5.60,41,0.00,
151,1617,榮星,"114,039",48,"1,661,521",14.55,14.80,14.40,14.70,,0.0,14.65,2,14.70,12,14.00,
155,1702,南僑,"465,648",281,"28,664,894",61.30,62.10,60.90,61.90,+,0.6,61.90,3,62.10,6,14.99,
156,1704,榮化,"1,515,064",862,"68,249,129",45.05,45.35,44.75,45.15,-,0.15,45.15,37,45.20,2,9.77,
158,1708,東鹼,"2,120,569","1,285","67,089,513",31.25,31.85,31.25,31.70,+,0.6,31.65,25,31.70,27,10.16,
159,1709,和益,"219,088",109,"3,975,465",18.20,18.20,18.10,18.20,,0.0,18.10,49,18.20,72,12.13,
162,1712,興農,"1,406,551",520,"23,650,699",16.90,16.90,16.75,16.80,-,0.1,16.80,124,16.85,29,10.43,
172,1725,元禎,"31,000",17,"467,250",15.05,15.15,15.00,15.10,-,0.15,15.10,11,15.25,2,11.80,
175,1730,花仙子,"44,501",27,"1,819,241",40.75,41.00,40.75,40.90,-,0.05,40.90,3,40.95,1,12.94,
177,1732,毛寶,"22,000",17,"276,100",12.50,12.60,12.50,12.60,-,0.05,12.55,7,12.60,2,0.00,
178,1733,五鼎,"326,001",258,"10,284,432",31.80,31.80,31.45,31.55,-,0.25,31.50,47,31.60,1,0.00,
191,1805,寶徠,"73,115",27,"930,210",12.70,12.85,12.60,12.85,+,0.15,12.85,2,12.90,26,0.00,
192,1806,冠軍,"826,765",176,"7,074,712",8.56,8.65,8.51,8.53,-,0.15,8.53,14,8.59,2,0.00,
196,1817,凱撒衛,"125,000",78,"5,326,100",42.10,43.25,42.10,43.20,+,0.9,43.15,1,43.20,2,12.00,
197,1902,台紙,"460,464",239,"8,795,316",19.35,19.35,19.05,19.10,-,0.25,19.05,10,19.10,33,0.00,
198,1903,士紙,"127,367",65,"4,683,169",36.20,37.00,36.20,36.50,-,0.2,36.50,3,36.80,5,0.00,
199,1904,正隆,"2,706,317","1,054","43,019,972",16.00,16.10,15.80,15.90,-,0.2,15.90,123,15.95,54,13.95,
201,1906,寶隆,"161,871",89,"4,542,543",28.00,28.30,27.95,28.10,-,0.05,28.10,1,28.15,1,3.39,
202,1907,永豐餘,"6,650,522","1,824","91,115,662",13.50,13.95,13.50,13.60,+,0.1,13.60,156,13.65,4,14.78,
203,1909,榮成,"5,427,689","2,194","181,902,492",33.95,34.00,33.00,33.40,-,0.5,33.40,96,33.45,37,8.56,
205,2002A,中鋼特,"51,000",24,"2,156,100",42.35,42.40,42.20,42.40,+,0.05,42.35,2,42.40,1,0.00,
207,2007,燁興,"145,729",58,"850,913",5.84,5.88,5.72,5.86,+,0.02,5.85,1,5.86,3,0.00,
208,2008,高興昌,"68,050",14,"865,985",12.80,12.85,12.70,12.70,,0.0,12.70,15,12.80,4,0.00,
213,2014,中鴻,"14,331,175","3,718","184,010,246",12.75,13.25,12.50,12.95,-,0.1,12.95,209,13.00,27,10.04,
215,2017,官田鋼,"3,256,311",825,"36,560,702",11.00,11.45,10.85,11.40,+,0.4,11.35,9,11.40,249,13.10,
216,2020,美亞,"228,223",51,"3,220,572",14.10,14.15,14.05,14.15,-,0.05,14.05,59,14.15,133,9.43,
217,2022,聚亨,"1,098,204",285,"7,365,288",6.70,6.81,6.60,6.79,+,0.03,6.78,12,6.79,5,0.00,
218,2023,燁輝,"2,486,458",822,"28,655,229",11.50,11.65,11.45,11.55,-,0.05,11.55,550,11.60,28,10.60,
219,2024,志聯,"1,055,236",362,"11,124,976",10.55,10.80,10.35,10.60,+,0.1,10.60,4,10.65,19,8.91,
222,2028,威致,"207,397",70,"1,969,587",9.50,9.58,9.43,9.56,-,0.04,9.44,10,9.54,3,6.17,
223,2029,盛餘,"271,002",178,"7,549,956",28.15,28.15,27.60,28.00,-,0.15,28.00,30,28.10,10,9.09,
224,2030,彰源,"2,481,256",721,"40,964,182",16.30,16.95,16.00,16.85,+,0.3,16.80,71,16.85,27,8.92,
225,2031,新光鋼,"10,179,850","4,114","310,534,200",29.10,31.40,28.80,31.00,+,1.4,30.95,13,31.00,424,10.30,
228,2034,允強,"867,048",520,"22,971,370",26.35,26.80,26.25,26.70,+,0.1,26.70,5,26.75,5,11.97,
232,2062,橋椿,"154,079",116,"5,452,594",35.50,35.65,35.25,35.65,+,0.05,35.65,9,35.70,4,14.38,
235,2102,泰豐,"508,708",179,"6,828,427",13.45,13.50,13.35,13.45,-,0.05,13.45,17,13.50,10,0.00,
237,2104,國際中橡,"2,467,125","1,167","120,158,475",48.75,49.15,48.20,49.15,,0.0,49.10,1,49.15,244,13.11,
242,2109,華豐,"867,397",332,"13,036,655",14.90,15.15,14.90,15.00,+,0.1,15.00,19,15.15,64,0.00,
244,2115,六暉-KY,"592,433",410,"28,455,234",47.20,48.65,46.85,46.85,-,0.75,46.85,1,46.90,2,12.59,
246,2204,中華,"736,944",542,"19,603,106",26.50,26.75,26.45,26.65,+,0.1,26.60,3,26.70,6,10.21,
249,2208,台船,"1,844,682",619,"25,943,575",13.85,14.40,13.70,14.30,+,0.35,14.20,2,14.30,30,0.00,
250,2227,裕日車,"90,390",91,"23,861,543",262.00,265.00,261.00,264.50,+,1.0,264.50,4,265.00,2,12.68,
255,2243,宏旭-KY,"12,003",10,"471,118",39.20,39.70,39.20,39.30,+,0.1,39.30,3,39.65,2,13.55,
257,2302,麗正,"266,321",97,"1,641,467",6.23,6.23,6.14,6.14,-,0.06,6.14,8,6.18,4,0.00,
259,2305,全友,"3,523,409","1,159","38,578,814",11.05,11.15,10.70,11.15,-,0.1,11.05,77,11.15,18,3.74,
261,2311,日月光,"12,904,692","4,196","532,120,219",41.60,41.60,40.80,41.40,-,0.4,41.35,51,41.40,"1,326",14.18,
263,2313,華通,"18,038,454","8,875","651,297,069",36.60,36.65,35.75,36.20,-,0.95,36.20,134,36.25,16,13.51,
266,2317,鴻海,"56,868,154","25,346","5,261,949,172",92.10,93.00,92.10,92.20,-,1.4,92.20,"1,434",92.30,14,11.76,
267,2321,東訊,"141,800",25,"430,935",3.02,3.04,3.02,3.04,-,0.05,3.04,3,3.07,4,0.00,
268,2323,中環,"24,415,568","3,899","118,370,419",4.72,4.94,4.71,4.86,+,0.03,4.86,107,4.87,33,0.00,
273,2329,華泰,"1,233,508",362,"11,215,941",9.13,9.13,9.06,9.08,-,0.09,9.08,53,9.11,2,0.00,
275,2331,精英,"733,579",370,"13,659,264",18.55,18.70,18.50,18.70,,0.0,18.65,43,18.70,21,14.50,
276,2332,友訊,"13,267,147","3,854","171,820,361",12.75,13.10,12.60,13.05,+,0.4,13.05,4,13.10,"1,092",0.00,
278,2338,光罩,"1,043,245",453,"19,836,913",19.25,19.25,18.50,19.15,-,0.15,19.15,3,19.20,54,0.00,
279,2340,光磊,"3,445,595","1,302","77,735,477",22.70,22.85,22.05,22.70,-,0.15,22.70,45,22.75,20,13.93,
280,2342,茂矽,"344,375",260,"8,032,225",22.95,23.80,22.90,22.90,-,0.3,22.90,9,23.00,35,0.00,
283,2347,聯強,"3,473,107","1,682","142,710,075",40.75,41.80,40.40,41.25,+,0.4,41.25,62,41.40,33,12.13,
285,2349,錸德,"23,465,514","3,735","130,697,250",5.38,5.79,5.31,5.60,+,0.06,5.59,82,5.60,55,0.00,
287,2352,佳世達,"6,437,522","1,734","136,987,603",21.30,21.40,21.20,21.25,-,0.2,21.25,462,21.30,45,7.64,
288,2353,宏碁,"84,531,719","21,407","2,343,660,808",27.00,28.10,27.00,27.65,+,0.35,27.60,128,27.65,60,0.00,
290,2355,敬鵬,"1,565,362",629,"84,892,989",54.20,55.00,53.60,54.20,,0.0,54.20,16,54.40,2,11.20,
291,2356,英業達,"8,453,210","4,308","199,719,585",23.40,23.80,23.40,23.80,+,0.25,23.70,14,23.80,103,12.73,
292,2357,華碩,"3,124,648",702,"878,137,404",280.00,282.00,280.00,281.00,-,1.0,280.50,6,281.00,7,12.70,
293,2358,廷鑫,"942,136",484,"22,898,768",24.60,24.70,23.85,24.60,-,0.8,24.50,2,24.60,7,0.00,
297,2363,矽統,"17,735,491","3,997","180,344,060",10.20,10.35,10.00,10.10,-,0.3,10.10,129,10.15,51,0.00,
298,2364,倫飛,"34,312",20,"82,859",2.48,2.48,2.39,2.42,+,0.02,2.39,22,2.42,7,0.00,
299,2365,昆盈,"1,417,223",532,"15,395,573",11.00,11.00,10.80,10.90,-,0.2,10.80,50,10.90,34,0.00,
301,2368,金像電,"1,538,140",358,"15,837,175",10.30,10.35,10.25,10.25,-,0.15,10.25,278,10.35,240,0.00,
304,2373,震旦行,"115,185",91,"10,116,966",87.70,88.20,87.40,87.70,-,0.4,87.70,17,87.80,1,13.92,
310,2380,虹光,"382,040",107,"2,691,050",7.04,7.18,7.00,7.01,-,0.03,7.01,7,7.05,11,0.00,
312,2383,台光電,"1,165,019",961,"118,781,999",102.00,102.50,101.00,102.50,-,0.5,102.50,8,103.00,90,10.86,
313,2385,群光,"586,115",452,"44,955,107",76.00,77.00,75.80,76.80,+,0.1,76.60,18,76.80,5,12.67,
314,2387,精元,"179,061",113,"3,103,555",17.30,17.40,17.25,17.35,-,0.15,17.35,3,17.40,8,8.85,
316,2390,云辰,"206,413",92,"2,516,866",12.15,12.35,12.10,12.20,-,0.05,12.20,21,12.25,1,0.00,
317,2392,正崴,"1,379,178",925,"63,416,188",46.65,46.65,45.80,45.95,-,0.8,45.95,11,46.00,3,14.45,
318,2393,億光,"4,050,066","2,208","185,827,416",45.50,46.15,45.45,45.80,+,0.65,45.80,93,45.85,5,14.14,
320,2397,友通,"16,010",16,"939,585",58.60,58.90,57.90,58.90,+,0.3,58.70,1,59.00,1,14.54,
323,2402,毅嘉,"466,460",285,"7,653,742",16.50,16.50,16.20,16.50,-,0.1,16.50,41,16.55,2,0.00,
324,2404,漢唐,"297,284",224,"17,670,968",59.30,60.00,59.20,59.30,-,0.4,59.30,24,59.70,8,10.21,
325,2405,浩鑫,"27,020,208","9,730","589,615,151",21.35,22.35,21.15,21.65,+,0.05,21.65,280,21.70,3,0.00,
326,2406,國碩,"811,439",294,"12,861,300",15.90,15.95,15.80,15.85,-,0.1,15.85,42,15.90,7,0.00,
327,2408,南亞科,"14,619,873","6,496","1,150,253,037",78.00,79.40,77.20,79.40,+,1.0,79.30,3,79.40,61,5.69,
328,2409,友達,"142,967,478","15,815","1,960,145,904",13.65,13.90,13.50,13.90,+,0.1,13.85,588,13.90,"3,151",3.60,
330,2413,環科,"851,025",260,"17,068,742",20.50,20.50,19.80,19.95,-,0.55,19.90,10,19.95,2,0.00,
331,2414,精技,"102,340",63,"2,039,679",19.90,20.00,19.85,19.90,-,0.1,19.90,48,20.00,3,12.52,
332,2415,錩新,"33,947",35,"870,086",25.50,25.70,25.50,25.70,+,0.1,25.55,9,25.70,46,14.12,
333,2417,圓剛,"2,577,334","1,023","39,007,806",15.15,15.35,14.95,15.15,-,0.2,15.15,40,15.20,4,0.00,
334,2419,仲琦,"1,510,763",583,"31,644,442",21.00,21.05,20.85,20.95,-,0.1,20.95,50,21.00,15,11.08,
335,2420,新巨,"171,067",154,"5,880,271",34.55,34.60,34.30,34.55,,0.0,34.45,3,34.55,23,9.87,
337,2423,固緯,"44,250",29,"1,036,424",23.45,23.55,23.30,23.50,,0.0,23.30,4,23.50,5,11.08,
338,2424,隴華,"9,000",8,"314,200",35.00,35.00,34.20,34.20,+,0.2,34.20,1,34.80,1,0.00,
342,2428,興勤,"202,023",173,"17,114,091",84.70,85.80,83.70,85.60,+,0.5,85.00,10,85.60,3,10.31,
343,2429,銘旺科,"10,000",7,"132,650",13.35,13.35,13.20,13.20,-,0.4,13.20,1,13.35,2,0.00,
344,2430,燦坤,"95,608",70,"2,270,919",23.90,23.90,23.65,23.90,,0.0,23.80,5,23.90,1,13.74,
346,2433,互盛電,"23,500",22,"1,062,749",45.40,45.40,45.15,45.20,-,0.2,45.15,4,45.30,5,12.22,
347,2434,統懋,"1,270,723",511,"13,252,683",10.00,11.00,9.68,11.00,+,1.0,11.00,37,--,0,0.00,
349,2438,翔耀,"16,247",11,"111,047",6.84,6.85,6.81,6.85,+,0.01,6.85,9,6.92,1,0.00,
352,2441,超豐,"2,554,051","1,634","143,212,473",55.40,56.70,54.80,56.70,+,1.1,56.70,2,56.80,77,13.13,
353,2442,新美齊,"276,924",76,"2,222,812",8.03,8.05,8.00,8.05,+,0.02,8.03,8,8.05,6,0.00,
354,2443,新利虹,"148,796",61,"914,446",6.20,6.24,6.12,6.18,+,0.01,6.14,1,6.18,6,0.00,
357,2449,京元電子,"3,942,645","2,272","118,226,813",29.95,30.15,29.75,30.15,,0.0,30.05,11,30.15,76,14.78,
358,2450,神腦,"34,001",22,"1,745,651",51.30,51.50,51.30,51.30,-,0.2,51.30,1,51.50,29,14.41,
359,2451,創見,"494,688",370,"41,693,164",84.60,84.60,84.00,84.30,-,0.4,84.30,61,84.50,5,11.79,
366,2459,敦吉,"111,072",76,"4,716,359",42.55,42.65,42.20,42.55,-,0.1,42.55,1,42.60,1,10.33,
367,2460,建通,"909,944",416,"15,865,359",17.40,17.85,17.10,17.70,+,0.2,17.65,26,17.70,20,0.00,
368,2461,光群雷,"811,020",293,"13,287,777",16.40,16.50,16.25,16.45,+,0.05,16.45,102,16.50,53,10.35,
371,2465,麗臺,"2,625,372","1,401","61,290,882",22.75,23.90,22.75,23.50,+,0.5,23.40,5,23.50,147,0.00,
373,2467,志聖,"796,995",409,"22,356,960",28.00,28.20,27.95,28.05,-,0.2,28.05,7,28.10,39,11.84,
375,2471,資通,"21,000",19,"320,500",15.25,15.35,15.15,15.30,+,0.05,15.25,3,15.30,3,14.71,
377,2474,可成,"5,223,535","3,097","1,731,543,655",321.00,336.00,320.50,334.00,+,10.5,334.00,51,334.50,110,11.14,
378,2475,華映,"3,657,810",304,"8,829,490",2.41,2.44,2.41,2.41,-,0.05,2.41,100,2.42,62,4.16,
379,2476,鉅祥,"183,796",100,"4,836,484",26.50,26.50,26.25,26.30,-,0.3,26.30,13,26.40,14,10.91,
382,2480,敦陽科,"156,395",97,"5,683,990",36.25,36.50,36.20,36.45,+,0.05,36.45,2,36.50,8,12.93,
384,2482,連宇,"103,348",49,"1,252,677",12.15,12.20,12.05,12.20,-,0.05,12.20,2,12.35,10,0.00,
385,2483,百容,"167,000",97,"3,877,400",23.05,23.50,23.00,23.50,+,0.4,23.45,10,23.50,46,13.91,
388,2486,一詮,"1,082,487",357,"12,373,374",11.45,11.65,11.30,11.35,-,0.2,11.35,2,11.40,2,0.00,
389,2488,漢平,"634,005",112,"18,486,500",28.40,28.80,28.25,28.80,+,0.2,28.45,2,28.80,3,7.93,
390,2489,瑞軒,"4,050,850","1,895","70,213,664",17.25,17.50,17.10,17.45,+,0.1,17.40,32,17.45,59,0.00,
391,2491,吉祥全,"14,802",12,"97,648",6.63,6.63,6.56,6.56,-,0.04,6.56,4,6.65,1,11.31,
393,2493,揚博,"64,004",46,"1,707,954",26.70,26.75,26.60,26.70,-,0.1,26.70,2,26.75,1,11.46,
396,2497,怡利電,"20,000",20,"578,900",28.80,29.00,28.80,28.95,-,0.25,28.90,30,28.95,1,0.00,
397,2498,宏達電,"20,613,619","11,006","1,505,704,270",73.70,75.00,71.00,71.00,-,0.4,71.00,314,71.10,1,0.00,
398,2499,東貝,"1,577,774",585,"18,586,020",11.85,11.85,11.70,11.80,-,0.1,11.80,5,11.85,145,0.00,
399,2501,國建,"625,417",320,"10,284,052",16.60,16.60,16.35,16.55,+,0.1,16.45,5,16.55,97,9.40,
400,2504,國產,"1,606,734",524,"15,392,569",9.66,9.67,9.51,9.61,-,0.09,9.60,16,9.61,12,0.00,
402,2506,太設,"794,062",139,"9,777,406",12.50,12.55,12.20,12.30,-,0.4,12.25,12,12.30,7,0.00,
403,2509,全坤建,"57,027",30,"1,215,922",21.30,21.50,21.25,21.30,-,0.15,21.25,10,21.30,11,0.00,
404,2511,太子,"1,446,870",397,"18,111,269",12.60,12.60,12.45,12.60,,0.0,12.55,65,12.60,118,11.25,
405,2514,龍邦,"6,996,269",312,"104,641,149",14.85,14.85,14.65,14.70,-,0.1,14.65,56,14.70,105,6.39,
407,2516,新建,"406,367",95,"2,837,618",6.99,7.02,6.93,7.00,-,0.02,7.00,15,7.01,19,0.00,
409,2524,京城,"174,200",68,"4,005,530",22.90,23.10,22.85,22.95,-,0.1,22.90,13,23.00,10,11.25,
410,2527,宏璟,"297,001",167,"7,496,125",24.85,25.90,24.85,25.65,+,0.7,25.50,19,25.65,7,0.00,
412,2530,華建,"90,426",45,"1,366,160",15.20,15.20,15.05,15.10,-,0.1,15.05,14,15.10,10,0.00,
413,2534,宏盛,"4,549,802","1,598","121,664,552",26.35,27.10,26.10,27.10,+,0.75,27.00,15,27.10,46,6.83,
414,2535,達欣工,"234,682",127,"4,287,761",18.30,18.35,18.20,18.35,-,0.05,18.30,29,18.35,17,6.87,
415,2536,宏普,"163,099",78,"3,648,227",22.50,22.60,22.10,22.60,+,0.1,22.55,4,22.60,28,0.00,
416,2537,聯上發,"180,254",68,"1,467,456",8.12,8.16,8.12,8.16,,0.0,8.15,6,8.16,74,0.00,
418,2539,櫻花建,"26,200",18,"743,350",28.40,28.50,28.30,28.35,-,0.05,28.35,41,28.45,15,7.46,
422,2545,皇翔,"300,500",107,"9,327,574",31.15,31.20,31.00,31.00,-,0.15,31.00,23,31.20,1,0.00,
423,2546,根基,"140,111",90,"3,152,466",22.45,22.80,22.40,22.75,+,0.15,22.60,27,22.75,2,9.06,
424,2547,日勝生,"395,086",154,"4,792,483",12.20,12.20,12.05,12.15,-,0.15,12.15,2,12.20,49,0.00,
425,2548,華固,"1,512,370","1,128","108,241,208",70.80,72.70,69.80,72.60,+,1.7,72.40,1,72.60,15,5.87,
426,2597,潤弘,"28,000",25,"1,055,200",38.00,38.00,37.60,37.90,,0.0,37.60,28,37.90,5,9.82,
428,2603,長榮,"10,457,864","2,707","179,719,786",17.10,17.35,17.00,17.25,+,0.05,17.20,274,17.25,83,10.52,
433,2609,陽明,"3,172,067",745,"36,637,055",11.60,11.60,11.50,11.60,,0.0,11.55,163,11.60,668,0.00,
434,2610,華航,"11,291,996","2,096","136,883,192",12.25,12.25,12.05,12.10,-,0.15,12.05,557,12.10,45,0.00,
435,2611,志信,"40,133",27,"283,034",7.06,7.11,7.04,7.11,+,0.03,7.06,1,7.12,5,0.00,
436,2612,中航,"257,580",125,"7,728,069",29.80,30.15,29.70,30.05,,0.0,30.00,19,30.05,11,0.00,
438,2614,東森,"4,655,107","1,015","50,973,783",11.10,11.25,10.65,11.20,+,0.05,11.20,40,11.25,110,0.00,
440,2616,山隆,"94,083",73,"3,049,764",32.50,32.60,32.35,32.50,,0.0,32.50,19,32.60,12,7.16,
445,2636,台驊投控,"410,534",221,"9,523,185",23.20,23.35,23.00,23.25,-,0.05,23.20,11,23.30,19,12.99,
451,2705,六福,"412,648",152,"3,322,154",8.05,8.10,8.02,8.08,-,0.02,8.03,13,8.08,1,0.00,
461,2801,彰銀,"5,928,005","1,524","101,254,041",17.00,17.25,16.95,17.10,+,0.05,17.10,423,17.15,173,13.26,
462,2809,京城銀,"942,547",534,"39,185,649",41.40,41.90,41.10,41.75,+,0.3,41.70,1,41.80,112,8.72,
463,2812,台中銀,"5,782,472","1,965","58,500,401",10.10,10.20,10.05,10.10,-,0.05,10.10,"1,121",10.15,1,9.18,
464,2816,旺旺保,"387,712",185,"7,532,776",19.70,19.70,19.35,19.45,-,0.25,19.45,14,19.50,1,7.34,
466,2823,中壽,"6,916,513","2,371","207,593,940",30.05,30.20,29.90,30.00,-,0.2,30.00,287,30.15,161,14.22,
467,2832,台產,"99,746",57,"2,077,762",20.95,20.95,20.75,20.90,-,0.1,20.85,15,20.95,12,9.21,
468,2834,臺企銀,"12,128,201","1,791","104,584,842",8.64,8.68,8.58,8.64,-,0.03,8.64,307,8.66,5,9.00,
469,2836,高雄銀,"604,215",224,"5,875,257",9.72,9.76,9.71,9.72,-,0.1,9.72,36,9.74,52,14.29,
470,2838,聯邦銀,"511,990",140,"4,868,819",9.53,9.53,9.49,9.52,-,0.04,9.52,15,9.53,6,9.43,
471,2838A,聯邦銀甲特,"86,000",48,"4,302,500",50.00,50.10,50.00,50.10,+,0.1,50.00,224,50.10,269,0.00,
473,2845,遠東銀,"2,985,511",839,"28,859,477",9.71,9.71,9.64,9.66,-,0.08,9.66,412,9.69,11,9.47,
474,2849,安泰銀,"21,000",16,"282,550",13.50,13.50,13.45,13.45,-,0.05,13.45,5,13.50,37,11.40,
475,2850,新產,"170,446",110,"5,030,322",29.60,29.60,29.45,29.60,-,0.1,29.55,4,29.60,25,8.27,
476,2851,中再保,"220,246",91,"3,907,566",17.80,17.80,17.65,17.75,-,0.1,17.75,9,17.80,24,7.13,
477,2852,第一保,"173,004",55,"2,474,556",14.35,14.40,14.25,14.35,-,0.1,14.30,4,14.35,8,7.93,
478,2855,統一證,"1,382,533",336,"21,143,974",15.30,15.40,15.20,15.40,,0.0,15.35,1,15.40,76,13.75,
480,2867,三商壽,"1,819,892",588,"29,144,872",16.05,16.10,15.95,16.00,-,0.15,16.00,321,16.05,1,9.94,
481,2880,華南金,"23,551,703","3,154","407,000,664",17.20,17.40,17.10,17.40,+,0.1,17.35,4,17.40,941,14.38,
482,2881,富邦金,"15,523,028","4,861","831,799,712",52.70,54.20,52.70,54.20,+,1.1,54.10,7,54.20,60,11.22,
483,2881A,富邦特,"66,248",33,"4,249,272",64.10,64.20,64.10,64.20,,0.0,64.10,90,64.20,116,0.00,
484,2882,國泰金,"17,696,736","4,477","964,780,493",54.00,55.00,53.80,54.60,+,0.2,54.60,95,54.80,59,12.88,
485,2882A,國泰特,"349,705",87,"22,034,800",63.00,63.10,62.90,63.00,-,0.1,63.00,1,63.20,84,0.00,
486,2883,開發金,"39,535,320","6,617","419,491,280",10.65,10.70,10.50,10.70,,0.0,10.65,"1,238",10.70,"3,611",14.86,
487,2884,玉山金,"15,806,702","3,679","303,890,878",19.20,19.35,19.15,19.20,-,0.1,19.20,"2,902",19.30,18,14.01,
488,2885,元大金,"20,187,318","5,474","281,401,315",14.00,14.00,13.85,14.00,-,0.05,13.95,742,14.00,"1,020",10.61,
489,2886,兆豐金,"13,907,844","2,673","351,506,344",25.30,25.40,25.15,25.30,-,0.1,25.30,78,25.35,332,12.78,
490,2887,台新金,"19,357,457","5,726","282,515,319",14.50,14.70,14.45,14.70,+,0.1,14.65,508,14.70,138,13.24,
491,2887E,台新戊特,"150,055",34,"7,988,420",53.20,53.30,53.20,53.20,,0.0,53.20,79,53.30,102,0.00,
492,2888,新光金,"42,301,232","4,807","449,090,716",10.65,10.70,10.50,10.70,,0.0,10.65,468,10.70,"4,975",7.87,
493,2889,國票金,"3,730,833","1,038","37,086,504",9.94,9.99,9.89,9.98,-,0.02,9.98,66,9.99,170,13.86,
494,2890,永豐金,"18,000,232","2,953","179,772,880",9.97,10.05,9.94,10.05,+,0.06,10.00,157,10.05,"3,441",13.58,
495,2891,中信金,"48,175,255","8,462","1,016,536,141",21.00,21.30,20.90,21.30,+,0.2,21.20,19,21.30,"2,849",11.64,
496,2891B,中信金乙特,"290,399",226,"17,698,139",61.00,61.00,60.90,61.00,,0.0,60.90,493,61.00,129,0.00,
497,2892,第一金,"12,682,380","3,828","254,451,432",20.00,20.15,19.95,20.15,+,0.1,20.10,10,20.15,95,13.08,
501,2904,匯僑,"41,787",30,"790,369",18.80,19.00,18.80,18.90,+,0.1,18.80,3,18.85,3,14.43,
502,2905,三商,"841,902",383,"21,125,534",25.25,25.35,24.95,24.95,-,0.45,24.95,20,25.00,1,8.75,
506,2911,麗嬰房,"648,655",241,"7,837,092",12.15,12.25,12.00,12.05,-,0.2,12.05,23,12.10,30,0.00,
509,2915,潤泰全,"2,338,193","1,021","120,026,493",51.40,51.90,50.80,51.50,-,0.1,51.50,80,51.60,1,6.73,
511,2929,淘帝-KY,"438,440",364,"47,082,460",107.00,109.00,105.50,109.00,+,1.5,108.50,11,109.00,8,9.15,
512,2936,客思達-KY,"18,000",15,"557,200",31.00,31.30,30.85,31.00,-,0.15,31.00,1,31.30,2,9.97,
516,3004,豐達科,"66,006",58,"3,312,001",50.00,50.40,50.00,50.10,-,0.2,50.00,22,50.30,1,13.58,
517,3005,神基,"3,440,109","2,223","148,980,558",42.40,43.90,42.10,43.45,+,0.95,43.45,1,43.50,5,10.44,
518,3006,晶豪科,"2,516,088","1,373","111,477,819",44.10,44.90,43.50,44.65,,0.0,44.65,5,44.70,24,14.22,
520,3010,華立,"233,389",189,"13,358,849",57.40,57.50,56.90,57.20,-,0.3,57.20,11,57.30,1,10.81,
521,3011,今皓,"772,004",152,"5,652,968",7.19,7.45,7.16,7.23,+,0.03,7.23,3,7.28,1,0.00,
522,3013,晟銘電,"595,200",296,"12,004,290",20.05,20.30,20.00,20.20,+,0.1,20.20,13,20.25,21,12.55,
524,3015,全漢,"408,702",226,"10,005,210",24.55,24.60,24.40,24.45,-,0.3,24.45,2,24.50,18,12.54,
526,3017,奇鋐,"5,594,661","2,639","171,996,935",30.00,31.20,29.90,30.95,+,0.75,30.90,31,30.95,26,11.77,
529,3021,鴻名,"110,210",65,"1,620,597",14.75,15.00,14.50,14.80,+,0.05,14.80,14,15.00,26,12.76,
530,3022,威強電,"225,245",120,"9,073,981",40.15,40.70,40.05,40.55,+,0.25,40.55,2,40.60,9,10.64,
532,3024,憶聲,"112,753",65,"726,512",6.46,6.49,6.41,6.49,+,0.01,6.44,1,6.49,29,2.22,
535,3027,盛達,"220,874",82,"2,341,568",10.70,10.70,10.55,10.60,-,0.1,10.60,26,10.65,8,0.00,
536,3028,增你強,"531,739",282,"11,000,304",20.85,20.90,20.50,20.80,-,0.1,20.80,23,20.90,23,11.62,
537,3029,零壹,"239,166",123,"4,577,877",19.05,19.20,19.05,19.15,,0.0,19.15,7,19.25,2,10.94,
540,3032,偉訓,"106,712",64,"3,932,858",37.10,37.10,36.65,36.80,-,0.6,36.80,4,37.00,14,11.36,
541,3033,威健,"1,052,675",498,"21,072,209",20.05,20.20,19.85,20.20,+,0.05,20.15,3,20.20,26,12.17,
544,3036,文曄,"1,405,477",940,"65,901,469",47.00,47.15,46.70,47.00,-,0.15,47.00,13,47.10,9,11.08,
547,3040,遠見,"352,400",195,"17,646,600",49.80,50.50,49.80,50.00,,0.0,50.00,12,50.10,2,4.49,
548,3041,揚智,"1,879,793",774,"34,102,000",17.80,18.40,17.80,18.25,,0.0,18.25,12,18.30,3,0.00,
549,3042,晶技,"1,031,616",647,"41,988,206",40.50,41.00,40.20,41.00,+,0.35,40.90,6,41.00,18,12.39,
550,3043,科風,"25,700",18,"60,002",2.35,2.35,2.30,2.31,+,0.02,2.31,4,2.32,1,0.00,
551,3044,健鼎,"3,036,302","2,148","285,836,588",95.90,96.00,92.60,94.00,-,2.0,94.00,128,94.20,1,11.02,
553,3046,建碁,"190,309",147,"3,430,888",17.40,18.15,17.40,18.15,X,0.0,18.15,53,--,0,0.00,
554,3047,訊舟,"287,117",104,"2,840,042",9.90,9.94,9.86,9.90,-,0.05,9.88,36,9.90,10,0.00,
557,3050,鈺德,"546,063",223,"6,708,217",12.20,12.40,12.20,12.30,+,0.05,12.30,11,12.35,168,12.42,
562,3056,總太,"947,276",437,"18,627,113",19.80,19.80,19.45,19.80,-,0.05,19.75,22,19.80,41,5.98,
563,3057,喬鼎,"170,411",92,"1,771,598",10.40,10.55,10.30,10.40,-,0.05,10.40,12,10.45,5,0.00,
564,3058,立德,"128,404",53,"1,163,233",9.03,9.12,9.02,9.08,-,0.05,9.08,3,9.11,5,0.00,
568,3090,日電貿,"3,066,050","1,656","114,865,171",36.00,38.40,35.50,37.90,+,1.65,37.85,12,37.90,2,12.31,
571,3149,正達,"564,937",266,"10,481,328",18.80,18.80,18.50,18.50,-,0.4,18.50,19,18.55,15,0.00,
572,3164,景岳,"257,589",186,"6,301,733",24.80,24.80,24.00,24.30,-,0.8,24.30,17,24.45,6,0.00,
573,3167,大量,"1,288,105",701,"68,591,670",53.00,54.60,52.00,54.20,+,0.5,54.10,65,54.30,17,14.49,
575,3209,全科,"174,922",104,"3,550,301",20.35,20.35,20.25,20.30,-,0.05,20.30,57,20.35,12,14.10,
576,3229,晟鈦,"118,000",76,"2,236,000",19.00,19.35,18.55,19.00,-,0.05,19.00,3,19.05,1,0.00,
582,3308,聯德,"513,000",171,"4,914,890",9.70,9.70,9.45,9.52,-,0.19,9.51,20,9.60,4,0.00,
583,3311,閎暉,"399,632",165,"7,303,830",18.30,18.45,18.20,18.25,-,0.15,18.25,29,18.35,4,0.00,
584,3312,弘憶股,"130,534",151,"903,338",6.93,6.97,6.89,6.95,+,0.02,6.89,5,6.96,3,0.00,
585,3321,同泰,"4,903,182","1,209","93,789,871",18.90,19.40,18.35,18.80,-,0.2,18.50,29,18.80,6,0.00,
588,3356,奇偶,"1,650,342","1,133","64,210,906",37.35,40.00,37.35,39.30,+,1.95,39.25,2,39.30,8,0.00,
589,3376,新日興,"1,457,199",755,"122,315,891",83.00,84.80,82.60,84.40,+,1.2,84.30,147,84.40,19,13.86,
591,3383,新世紀,"249,662",57,"887,036",3.55,3.61,3.50,3.52,-,0.09,3.52,3,3.60,2,0.00,
596,3432,台端,"31,003",22,"363,583",11.70,11.80,11.70,11.80,,0.0,11.75,1,11.80,2,0.00,
601,3481,群創,"99,357,865","11,600","1,361,219,302",13.70,13.90,13.55,13.75,-,0.1,13.75,"1,167",13.80,364,3.14,
602,3494,誠研,"614,007",263,"6,886,777",11.40,11.40,11.15,11.25,-,0.15,11.20,12,11.25,3,0.00,
603,3501,維熹,"228,051",171,"12,862,101",56.70,56.80,56.20,56.50,,0.0,56.50,14,56.70,13,10.37,
604,3504,揚明光,"3,623,401","2,402","232,248,085",63.50,64.80,63.20,64.00,+,0.1,64.00,10,64.20,8,0.00,
605,3514,昱晶,"1,295,706",511,"22,709,494",17.50,17.65,17.40,17.50,-,0.05,17.50,87,17.55,4,0.00,
607,3518,柏騰,"364,226",269,"12,141,218",32.80,33.85,32.60,33.20,+,0.4,33.05,2,33.20,8,0.00,
608,3519,綠能,"1,263,872",537,"22,125,253",17.50,17.65,17.45,17.50,-,0.15,17.50,44,17.55,20,0.00,
609,3528,安馳,"57,134",41,"1,977,510",34.50,34.80,34.50,34.80,-,0.05,34.65,1,34.80,2,13.86,
612,3535,晶彩科,"107,087",68,"1,303,318",12.25,12.25,12.10,12.20,+,0.05,12.15,27,12.20,10,0.00,
615,3550,聯穎,"435,200",257,"8,957,539",20.30,20.75,20.30,20.75,+,0.1,20.70,4,20.75,1,13.83,
616,3557,嘉威,"720,233",352,"12,086,013",16.80,17.40,16.10,16.85,-,0.45,16.80,21,16.85,5,0.00,
617,3561,昇陽光電,"1,457,847","1,166","21,938,477",14.90,15.20,14.80,15.15,+,0.25,15.15,3,15.20,300,0.00,
618,3576,聯合再生,"1,061,004",585,"14,735,189",13.80,14.00,13.80,13.90,+,0.05,13.85,63,13.90,40,0.00,
619,3579,尚志,"200,079",99,"3,249,675",16.55,16.55,16.10,16.20,-,0.35,16.15,81,16.20,85,0.00,
622,3591,艾笛森,"194,100",90,"3,118,200",16.05,16.20,16.00,16.05,-,0.1,16.05,45,16.10,1,0.00,
623,3593,力銘,"117,008",52,"1,346,238",11.50,11.55,11.45,11.55,+,0.05,11.45,7,11.55,12,0.00,
624,3596,智易,"948,307",711,"47,212,769",49.35,50.30,49.00,50.20,+,0.85,50.10,18,50.20,4,13.32,
626,3607,谷崧,"202,012",99,"6,302,346",31.15,31.35,31.00,31.25,-,0.4,31.25,1,31.30,7,0.00,
627,3617,碩天,"97,001",89,"9,470,904",98.50,98.50,97.20,97.80,-,0.7,97.60,2,97.80,1,11.16,
628,3622,洋華,"838,296",417,"15,656,428",18.30,18.90,18.30,18.80,+,0.4,18.80,2,18.85,1,0.00,
635,3679,新至陞,"36,100",32,"2,574,500",71.30,71.50,71.20,71.50,+,0.2,71.50,3,71.60,7,10.74,
636,3682,亞太電,"9,279,885","1,697","93,121,120",10.00,10.10,9.93,10.05,+,0.05,10.05,161,10.10,"1,190",0.00,
637,3686,達能,"2,093,206",640,"15,110,304",7.39,7.39,7.11,7.15,-,0.24,7.15,262,7.17,2,0.00,
639,3698,隆達,"1,504,218",826,"36,532,382",24.45,24.45,24.00,24.25,+,0.05,24.25,23,24.30,1,0.00,
641,3702,大聯大,"5,699,425","1,966","225,625,247",39.70,39.80,39.45,39.75,-,0.05,39.70,2,39.75,111,12.08,
642,3703,欣陸,"1,787,316",474,"29,045,065",16.40,16.40,16.15,16.30,-,0.15,16.25,170,16.30,66,6.68,
643,3704,合勤控,"1,476,235",642,"22,754,121",14.85,15.75,14.75,15.45,+,0.6,15.40,32,15.45,9,0.00,
645,3706,神達,"1,949,874",830,"66,282,717",33.85,34.15,33.75,33.95,-,0.1,33.95,17,34.00,7,8.89,
647,4104,佳醫,"132,557",130,"6,058,099",45.55,45.90,45.50,45.75,+,0.05,45.75,1,45.85,11,14.71,
649,4108,懷特,"315,434",198,"7,305,880",23.30,23.30,23.00,23.15,-,0.25,23.15,10,23.25,14,0.00,
653,4141,龍燈-KY,"83,000",46,"2,260,550",27.35,27.35,27.20,27.20,-,0.15,27.20,10,27.25,3,0.00,
654,4142,國光生,"331,284",188,"6,724,591",20.40,20.50,20.15,20.20,+,0.05,20.20,9,20.25,7,0.00,
655,4144,康聯-KY,"199,984",149,"7,043,683",35.10,35.40,34.85,35.40,+,0.3,35.30,1,35.40,7,10.50,
661,4414,如興,"2,756,132",938,"50,937,786",18.35,18.65,18.20,18.60,+,0.25,18.60,165,18.65,72,0.00,
664,4526,東台,"265,253",102,"5,407,091",20.40,20.40,20.30,20.35,-,0.05,20.35,61,20.40,47,0.00,
665,4532,瑞智,"564,188",386,"16,556,102",29.60,29.60,29.25,29.30,-,0.35,29.30,9,29.40,5,14.50,
666,4536,拓凱,"22,180",22,"1,975,864",89.00,89.50,89.00,89.00,-,0.2,89.00,5,89.50,1,12.71,
669,4552,力達-KY,"421,356",327,"43,787,058",104.00,105.00,103.00,105.00,+,1.0,104.50,9,105.00,58,10.78,
671,4557,永新-KY,"69,002",39,"5,098,254",74.00,74.30,73.20,74.00,,0.0,73.40,6,74.30,10,11.40,
675,4722,國精化,"88,946",60,"2,996,614",33.60,33.90,33.50,33.90,+,0.3,33.80,2,33.95,8,10.56,
676,4725,信昌化,"2,611,375","1,435","94,859,912",35.25,37.15,35.20,36.60,+,0.65,36.60,3,36.65,16,0.00,
680,4755,三福化,"69,000",53,"3,894,100",57.00,57.00,56.00,56.50,-,0.3,56.50,6,56.80,4,14.38,
682,4764,雙鍵,"206,000",137,"14,113,900",68.20,69.30,68.00,68.10,-,0.4,68.10,10,68.80,1,12.61,
691,4930,燦星網,"221,340",76,"2,890,520",13.00,13.25,12.95,13.05,+,0.05,13.00,12,13.10,4,0.00,
692,4934,太極,"1,029,270",323,"12,828,594",12.45,12.55,12.40,12.40,-,0.1,12.40,251,12.50,29,0.00,
694,4938,和碩,"7,958,073","4,332","629,259,267",79.40,80.00,78.20,79.00,-,0.9,79.00,13,79.10,1,12.27,
699,4958,臻鼎-KY,"3,424,550","1,957","227,429,150",66.70,66.90,65.80,66.80,+,0.2,66.70,5,66.80,68,14.68,
700,4960,誠美材,"5,027,300","1,280","61,410,472",12.25,12.35,12.05,12.25,-,0.1,12.25,389,12.30,12,0.00,
702,4976,佳凌,"5,202,184","3,193","229,226,454",43.70,44.65,43.35,43.50,+,0.4,43.50,34,43.55,5,0.00,
705,4994,傳奇,"18,000",17,"954,000",53.50,53.50,52.90,53.00,-,0.5,52.80,1,53.70,2,0.00,
706,4999,鑫禾,"89,046",38,"4,384,642",49.30,49.55,49.10,49.35,+,0.05,49.35,3,49.55,5,8.66,
707,5007,三星,"126,001",106,"6,959,855",55.80,55.80,55.00,55.00,-,0.2,55.00,8,55.10,1,14.55,
714,5259,清惠,"6,859",12,"70,609",10.35,10.35,10.30,10.30,-,0.2,10.20,2,10.30,2,0.00,
715,5264,鎧勝-KY,"2,176,327","1,334","231,852,476",107.00,108.00,104.00,107.50,+,0.5,107.00,158,107.50,5,14.97,
717,5284,jpp-KY,"31,000",25,"1,995,300",64.60,64.80,64.00,64.80,,0.0,64.40,2,64.80,4,11.96,
719,5288,豐祥-KY,"133,000",78,"11,289,100",84.10,85.50,84.10,85.40,+,1.3,85.20,2,85.40,2,12.25,
722,5434,崇越,"760,090",599,"67,310,558",88.40,89.30,87.50,89.00,+,0.6,88.80,2,89.00,30,13.32,
723,5469,瀚宇博,"1,936,008",890,"38,771,558",20.00,20.20,19.80,20.20,+,0.1,20.15,7,20.20,23,10.63,
725,5484,慧友,"59,290",27,"293,488",4.86,5.00,4.86,4.98,,0.0,4.94,1,4.98,3,0.00,
727,5519,隆大,"116,435",49,"1,206,693",10.35,10.40,10.35,10.35,,0.0,10.35,25,10.40,4,10.05,
733,5534,長虹,"1,111,828",804,"95,989,846",86.90,87.80,85.00,87.80,+,0.9,87.50,2,87.80,52,11.02,
734,5538,東明-KY,"52,000",30,"2,296,400",44.20,44.90,43.20,44.70,+,0.5,44.45,2,44.70,2,11.76,
735,5607,遠雄港,"162,001",73,"2,850,917",17.60,17.70,17.55,17.70,,0.0,17.70,2,17.75,11,12.21,
736,5608,四維航,"308,884",112,"2,843,657",9.26,9.26,9.16,9.23,-,0.04,9.23,2,9.26,2,0.00,
737,5706,鳳凰,"63,442",43,"2,229,862",35.20,35.40,35.10,35.10,-,0.1,35.05,8,35.20,3,12.45,
738,5871,中租-KY,"4,033,023","2,360","392,282,742",97.00,98.30,96.10,98.10,+,0.3,98.00,16,98.10,19,12.66,
739,5880,合庫金,"10,550,912","2,885","181,176,416",17.00,17.35,17.00,17.35,+,0.2,17.30,4,17.35,813,14.22,
740,5906,台南-KY,"48,005",12,"396,131",8.20,8.30,8.20,8.29,+,0.04,8.26,5,8.29,6,0.00,
742,6005,群益證,"3,110,865",691,"36,894,280",11.80,11.95,11.75,11.90,-,0.1,11.90,104,11.95,40,12.14,
743,6024,群益期,"78,000",48,"3,612,100",46.10,46.50,46.10,46.35,-,0.15,46.35,1,46.45,14,10.78,
744,6108,競國,"325,208",231,"8,671,466",26.85,27.05,26.20,27.00,+,0.1,27.00,81,27.05,1,10.47,
745,6112,聚碩,"92,185",74,"2,880,011",31.10,31.50,31.10,31.30,,0.0,31.30,1,31.45,3,12.37,
746,6115,鎰勝,"22,200",18,"1,002,800",45.30,45.30,45.10,45.10,-,0.2,45.10,26,45.20,1,14.09,
747,6116,彩晶,"20,823,171","3,734","220,608,086",10.60,10.70,10.50,10.65,-,0.05,10.60,"2,057",10.65,341,4.13,
748,6117,迎廣,"43,499",26,"794,781",17.95,18.65,17.95,18.45,+,0.3,18.40,1,18.55,3,0.00,
751,6131,悠克,"1,038,006",102,"19,654,458",18.75,19.00,18.45,18.75,,0.0,18.70,50,18.75,145,13.89,
754,6139,亞翔,"488,250",286,"16,943,925",34.15,35.20,34.15,34.70,+,0.2,34.70,1,34.90,3,13.19,
755,6141,柏承,"261,002",107,"4,687,685",18.05,18.05,17.80,18.00,-,0.05,18.00,28,18.05,16,13.85,
756,6142,友勁,"459,009",188,"3,737,052",8.16,8.20,8.12,8.13,-,0.03,8.13,5,8.16,9,0.00,
757,6145,勁永,"933,700",345,"11,470,860",12.35,12.35,12.15,12.30,-,0.05,12.30,6,12.35,101,0.00,
758,6152,百一,"175,358",70,"1,578,418",8.96,9.06,8.96,9.05,-,0.01,9.05,4,9.10,2,0.00,
766,6176,瑞儀,"1,860,141","1,009","137,286,954",73.10,74.20,72.80,74.00,+,0.6,73.80,11,74.00,166,10.26,
767,6177,達麗,"120,973",64,"4,011,099",33.05,33.40,33.00,33.40,+,0.1,33.30,6,33.40,4,8.43,
770,6189,豐藝,"178,533",120,"5,175,357",29.05,29.05,28.95,29.00,-,0.05,29.00,4,29.10,17,13.24,
771,6191,精成科,"913,951",377,"11,570,225",12.75,12.75,12.60,12.65,-,0.1,12.60,185,12.65,8,14.71,
772,6192,巨路,"39,003",41,"2,248,570",57.60,57.90,57.60,57.90,+,0.1,57.70,1,58.00,1,12.53,
773,6196,帆宣,"1,001,185",530,"40,267,503",40.25,40.55,40.00,40.20,-,0.45,40.20,43,40.25,10,11.93,
774,6197,佳必琪,"116,727",109,"3,518,960",30.25,30.25,30.05,30.10,-,0.3,30.10,18,30.20,9,9.65,
775,6201,亞弘電,"52,000",36,"1,541,950",29.70,29.75,29.50,29.65,-,0.05,29.65,1,29.75,2,13.30,
777,6205,詮欣,"121,000",63,"3,578,100",29.60,29.75,29.50,29.60,-,0.2,29.60,3,29.70,1,12.33,
779,6209,今國光,"2,158,051","1,260","80,882,861",37.55,37.95,37.05,37.50,-,0.05,37.50,22,37.55,33,0.00,
781,6214,精誠,"316,471",239,"18,897,064",59.70,60.00,59.30,59.90,+,0.1,59.80,18,60.00,278,13.71,
783,6216,居易,"93,551",57,"2,715,341",29.05,29.15,28.80,29.00,-,0.1,29.00,11,29.10,1,12.45,
784,6224,聚鼎,"231,509",96,"12,941,255",55.70,56.00,55.50,56.00,+,0.5,56.00,4,56.20,3,13.30,
785,6225,天瀚,"14,326",8,"42,432",2.95,2.99,2.75,2.99,+,0.04,2.77,2,3.08,2,0.00,
786,6226,光鼎,"407,866",161,"4,270,301",10.45,10.60,10.30,10.45,-,0.05,10.45,18,10.50,4,14.51,
787,6230,超眾,"440,120",344,"43,211,500",98.10,99.50,96.10,99.40,+,0.8,99.40,5,99.50,5,12.98,
788,6235,華孚,"1,360,369",526,"25,970,511",19.40,19.40,18.90,19.00,-,0.4,19.00,37,19.05,21,2.54,
789,6239,力成,"9,396,411","5,152","889,783,940",93.00,95.90,93.00,94.80,+,2.6,94.80,60,95.00,1,13.09,
790,6243,迅杰,"181,345",120,"3,314,393",18.10,18.45,18.10,18.25,-,0.05,18.25,2,18.30,4,0.00,
793,6269,台郡,"13,067,300","6,760","1,460,007,400",111.00,113.50,110.00,111.00,-,4.5,110.50,424,111.00,70,12.73,
796,6278,台表科,"834,269",618,"25,279,884",30.50,30.50,30.00,30.45,-,0.25,30.45,16,30.50,11,12.48,
797,6281,全國電,"23,120",20,"1,458,360",63.00,63.40,62.70,63.30,+,0.3,63.00,4,63.40,15,14.04,
800,6285,啟碁,"984,700",700,"85,270,653",85.80,87.30,85.70,86.80,+,1.0,86.80,2,86.90,1,14.66,
801,6289,華上,"118,000",20,"268,370",2.30,2.30,2.25,2.25,-,0.1,2.23,10,2.25,16,0.00,
804,6412,群電,"514,010",224,"30,151,286",58.50,59.00,58.40,59.00,,0.0,59.00,34,59.10,3,11.32,
807,6422,君耀-KY,"254,556",166,"16,933,218",66.40,67.30,66.20,66.80,-,0.2,66.80,23,66.90,2,12.35,
808,6431,光麗-KY,"159,000",75,"2,433,300",15.30,15.55,15.20,15.35,,0.0,15.25,2,15.35,8,0.00,
810,6443,元晶,"2,477,896",902,"24,307,993",9.95,9.95,9.72,9.79,-,0.17,9.79,22,9.80,1,0.00,
814,6456,GIS-KY,"9,526,728","6,486","2,044,599,976",212.50,217.50,210.00,217.00,+,3.0,216.50,22,217.00,112,11.22,
818,6505,台塑化,"3,432,323","1,761","423,830,384",122.50,127.00,120.50,124.00,,0.0,124.00,107,125.00,33,14.81,
819,6525,捷敏-KY,"800,117",617,"67,655,745",84.10,85.90,83.60,84.30,-,0.5,84.30,4,84.50,1,14.87,
822,6541,泰福-KY,"504,952",358,"43,610,446",84.90,87.70,84.20,87.00,+,1.4,87.00,10,87.20,2,0.00,
827,6582,申豐,"27,000",20,"1,357,900",50.30,50.50,50.20,50.30,,0.0,50.20,14,50.60,2,11.38,
829,6605,帝寶,"379,056",304,"34,686,146",90.60,92.70,89.60,91.40,+,1.4,91.20,2,91.40,1,12.47,
831,8016,矽創,"1,011,021",739,"88,139,308",86.10,88.70,86.10,86.90,+,0.7,86.80,2,86.90,10,11.56,
832,8021,尖點,"408,221",241,"8,518,366",20.85,21.10,20.70,20.90,,0.0,20.90,5,21.00,15,13.31,
833,8033,雷虎,"659,151",268,"8,742,504",13.20,13.55,13.00,13.35,,0.0,13.35,126,13.40,10,0.00,
834,8039,台虹,"3,838,464","2,158","203,539,112",52.30,53.70,52.00,53.10,+,1.1,53.00,14,53.10,1,14.51,
835,8046,南電,"893,228",331,"23,439,221",26.30,26.40,26.10,26.20,-,0.25,26.20,57,26.30,1,0.00,
836,8070,長華,"167,210",138,"24,296,870",145.50,147.00,144.00,146.00,-,0.5,146.00,21,147.00,7,10.67,
837,8072,陞泰,"30,709",30,"655,886",21.40,21.50,21.30,21.50,+,0.15,21.35,4,21.50,16,0.00,
838,8081,致新,"121,210",91,"8,296,081",68.50,68.60,68.10,68.40,-,0.3,68.40,2,68.50,1,14.90,
839,8101,華冠,"217,468",78,"832,432",3.84,3.85,3.81,3.85,,0.0,3.85,7,3.86,13,0.00,
840,8103,瀚荃,"204,224",123,"6,294,344",30.80,30.95,30.75,30.85,-,0.15,30.85,4,30.95,6,9.79,
841,8105,凌巨,"1,189,119",570,"21,826,633",18.40,18.50,18.30,18.35,-,0.05,18.30,302,18.40,93,10.31,
842,8110,華東,"3,032,880","1,097","43,487,110",14.65,14.65,14.15,14.30,-,0.4,14.30,24,14.35,13,9.41,
843,8112,至上,"1,458,163",785,"41,314,366",28.50,28.55,28.15,28.40,-,0.3,28.40,5,28.45,31,7.70,
844,8114,振樺電,"132,243",96,"18,497,763",140.00,140.50,138.50,140.50,-,1.0,140.50,8,141.00,11,13.33,
845,8131,福懋科,"546,050",279,"17,247,880",31.70,31.75,31.45,31.60,-,0.15,31.60,76,31.65,1,10.97,
846,8150,南茂,"2,504,844","1,291","66,904,581",26.90,26.90,26.65,26.65,-,0.25,26.65,33,26.70,1,6.56,
847,8163,達方,"1,994,760","1,087","60,648,109",30.10,30.75,29.95,30.55,+,0.3,30.50,1,30.55,2,14.83,
848,8201,無敵,"98,006",57,"1,292,525",13.25,13.25,13.10,13.20,-,0.05,13.20,12,13.25,12,0.00,
849,8210,勤誠,"65,003",46,"2,888,634",44.40,44.60,44.35,44.60,,0.0,44.45,3,44.60,7,10.83,
850,8213,志超,"260,795",189,"8,149,422",31.30,31.35,31.20,31.30,-,0.05,31.25,12,31.30,8,9.40,
851,8215,明基材,"851,003",360,"16,316,107",19.25,19.30,19.00,19.20,-,0.05,19.20,22,19.25,6,13.62,
853,8249,菱光,"209,290",131,"5,426,454",26.15,26.15,25.75,25.95,,0.0,25.90,1,25.95,8,13.31,
855,8271,宇瞻,"134,052",113,"5,112,734",38.00,38.30,38.00,38.25,,0.0,38.25,2,38.30,1,10.15,
859,8411,福貞-KY,"12,966",14,"333,773",25.75,25.80,25.60,25.80,,0.0,25.60,2,25.80,7,14.74,
860,8422,可寧衛,"266,724",248,"45,795,386",172.00,172.50,171.00,171.50,-,0.5,171.50,23,172.50,16,14.16,
862,8429,金麗-KY,"404,722",224,"9,569,792",23.60,23.75,23.55,23.60,-,0.15,23.60,44,23.65,1,6.54,
863,8442,威宏-KY,"6,000",6,"413,200",68.80,69.00,68.80,69.00,-,0.3,69.30,1,69.50,2,0.00,
864,8443,阿瘦,"22,080",8,"304,596",13.80,13.95,13.70,13.85,-,0.1,13.85,1,13.95,6,0.00,
868,8466,美吉吉-KY,"122,100",103,"10,638,400",87.80,88.50,86.10,88.30,+,1.8,87.80,1,88.00,1,11.79,
873,8481,政伸,"56,100",36,"2,535,859",44.00,46.00,43.60,45.20,+,1.2,45.20,3,45.30,1,13.95,
874,8488,吉源-KY,"4,000",3,"119,700",30.00,30.00,29.85,29.85,-,0.1,29.85,1,30.20,1,11.99,
875,8499,鼎炫-KY,"378,000",314,"34,356,200",88.00,96.30,84.50,94.80,+,5.8,94.80,2,95.00,4,14.28,
876,8926,台汽電,"348,673",225,"9,137,114",26.20,26.40,26.05,26.40,,0.0,26.35,1,26.45,18,13.47,
877,8940,新天地,"7,000",6,"95,500",13.80,13.80,13.60,13.60,-,0.05,13.60,7,13.70,6,0.00,
879,9103,美德醫療-DR,"426,001",119,"619,131",1.47,1.47,1.45,1.45,-,0.02,1.45,68,1.46,9,0.00,
880,910322,康師傅-DR,"5,001",4,"150,179",30.00,30.05,30.00,30.05,-,0.55,30.05,2,30.40,5,0.00,
881,910482,聖馬丁-DR,"80,001",8,"37,990",0.47,0.49,0.47,0.49,X,0.0,0.48,45,0.49,53,0.00,
882,9105,泰金寶-DR,"1,243,770",236,"3,681,356",2.97,2.98,2.94,2.95,-,0.02,2.95,263,2.98,170,0.00,
883,910708,恒大健-DR,0,0,0,--,--,--,--,,0.0,559.00,1,600.00,1,0.00,
884,910861,神州-DR,"20,001",8,"174,428",8.78,8.78,8.62,8.62,-,0.18,8.62,1,8.85,2,0.00,
885,9110,越南控-DR,"3,001",4,"9,923",3.35,3.35,3.25,3.32,+,0.02,3.25,4,3.32,3,0.00,
886,911608,明輝-DR,"51,000",6,"105,740",1.94,2.10,1.94,2.10,-,0.04,1.99,3,2.09,4,0.00,
887,911616,杜康-DR,"11,000",3,"13,080",1.18,1.19,1.18,1.19,,0.0,1.19,12,1.25,5,0.00,
888,911619,耀傑-DR,"2,000",1,"1,860",0.93,0.93,0.93,0.93,X,0.0,0.79,4,0.92,2,0.00,
889,911622,泰聚亨-DR,0,0,0,--,--,--,--,,0.0,5.90,2,6.50,3,0.00,
890,911868,同方友友-DR,"1,000",1,"1,350",1.35,1.35,1.35,1.35,+,0.02,1.29,20,1.35,4,0.00,
891,912000,晨訊科-DR,"10,000",2,"29,500",2.95,2.95,2.95,2.95,X,0.0,2.95,2,3.04,3,0.00,
892,912398,友佳-DR,"3,000",1,"24,930",8.31,8.31,8.31,8.31,-,0.03,8.31,5,8.45,10,0.00,
893,9136,巨騰-DR,"215,000",69,"1,847,040",8.68,8.68,8.56,8.58,-,0.1,8.57,23,8.58,2,0.00,
894,9157,陽光能源-DR,"123,001",25,"158,941",1.30,1.33,1.27,1.33,-,0.05,1.28,7,1.32,13,0.00,
895,9188,精熙-DR,"32,000",6,"170,810",5.34,5.34,5.27,5.27,-,0.03,5.27,11,5.34,43,0.00,
896,9802,鈺齊-KY,"158,136",118,"11,295,500",71.20,72.10,70.90,71.90,+,0.3,71.40,10,71.90,2,12.35,
897,9902,台火,"106,454",55,"1,094,873",10.30,10.30,10.25,10.30,-,0.05,10.25,45,10.30,4,0.00,
898,9904,寶成,"5,191,362","2,563","202,342,968",38.75,39.25,38.60,39.20,+,0.35,39.15,97,39.20,43,8.73,
899,9905,大華,"36,508",27,"924,003",25.35,25.35,25.20,25.35,,0.0,25.30,3,25.40,15,12.49,
904,9911,櫻花,"3,055,079","1,920","123,157,669",39.10,41.50,38.80,40.50,+,1.35,40.20,23,40.50,18,13.68,
909,9919,康那香,"211,656",105,"2,582,401",12.20,12.35,12.10,12.20,,0.0,12.15,39,12.20,7,0.00,
911,9924,福興,"282,827",178,"10,597,101",37.75,37.75,37.30,37.45,-,0.3,37.40,16,37.55,2,11.52,
914,9927,泰銘,"236,017",143,"9,390,521",39.90,39.90,39.70,39.85,-,0.15,39.85,6,39.90,1,8.55,
915,9928,中視,"23,191",11,"120,098",5.30,5.35,5.12,5.35,+,0.23,4.97,2,5.35,1,0.00,
919,9933,中鼎,"936,111",628,"42,383,559",45.55,45.55,45.10,45.30,-,0.4,45.25,6,45.30,92,12.98,
920,9934,成霖,"597,225",406,"11,535,610",19.40,19.50,19.25,19.50,,0.0,19.45,24,19.50,518,10.00,
924,9939,宏全,"613,636",445,"34,508,136",56.50,56.50,56.00,56.20,-,0.3,56.20,30,56.30,1,12.92,
925,9940,信義,"398,844",253,"15,192,048",38.45,38.45,37.95,38.10,-,0.35,38.05,19,38.10,9,8.74,
926,9941,裕融,"470,525",400,"53,252,350",112.50,115.00,111.00,113.50,+,0.5,113.50,7,114.00,26,14.63,
927,9942,茂順,"39,300",35,"3,587,719",91.00,91.40,91.00,91.40,+,0.4,91.40,1,91.50,3,14.33,
928,9943,好樂迪,"64,726",69,"3,487,204",53.80,54.10,53.70,54.10,-,0.1,54.00,1,54.10,8,12.41,
930,9945,潤泰新,"3,736,138","1,927","124,164,872",33.00,33.70,32.65,33.45,+,0.4,33.45,15,33.50,52,7.55,
931,9946,三發地產,"188,743",83,"2,429,334",12.80,13.00,12.80,13.00,-,0.05,12.90,3,13.00,4,13.98,
932,9955,佳龍,"69,012",49,"1,037,730",14.80,15.15,14.80,15.00,+,0.2,14.95,7,15.00,1,0.00,
